"Mês Ano";"Órgão Superior Executor";"Órgão/Entidade Vinculada Executora";"Unidade Gestora";"Órgão Superior Orçamentário";"Órgão/Entidade Orcamentária";"Unidade Orçamentária";"Área de atuação (Função)";"Subfunção";"Programa Orçamentário";"Ação Orçamentária";"Programa de Governo";"Autor Emenda";"Plano Orçamentário";"Grupo de Despesa";"Elemento de Despesa";"Modalidade de Despesa";"Valor Empenhado";"Valor Liquidado";"Valor Pago";"Valor Restos a Pagar Pagos";
"10/2022";"26000 - Ministério da Educação";"26249 - Universidade Federal Rural do Rio de Janeiro";"153166 - UNIVERSIDADE FEDERAL RURAL DO RIO DE JANEIRO";"26000 - Ministério da Educação";"26249 - Universidade Federal Rural do Rio de Janeiro";"26249 - UNIVERSIDADE FEDERAL RURAL DO RIO DE JANEIRO";"12 - Educação";"364 - Ensino superior";"5013 - EDUCACAO SUPERIOR - GRADUACAO, POS-GRADUACAO, ENSINO, PESQUISA E EXTENSAO";"20GK - FOMENTO AS ACOES DE GRADUACAO, POS-GRADUACAO, ENSINO, PESQUISA E EXTENSAO";"00 - Sem informação";"1310 - BENEDITA DA SILVA";"0000 - FOMENTO AS ACOES DE GRADUACAO, POS-GRADUACAO, ENSINO, PESQUISA E EXTENSAO - DESPESAS DIVERSAS";"3 - Outras Despesas Correntes";"18 - Auxílio Financeiro a Estudantes";"90 - Aplicações Diretas";"0,00";"0,00";"0,00";"119.250,00";
"10/2022";"26000 - Ministério da Educação";"26249 - Universidade Federal Rural do Rio de Janeiro";"153166 - UNIVERSIDADE FEDERAL RURAL DO RIO DE JANEIRO";"26000 - Ministério da Educação";"26249 - Universidade Federal Rural do Rio de Janeiro";"26249 - UNIVERSIDADE FEDERAL RURAL DO RIO DE JANEIRO";"12 - Educação";"364 - Ensino superior";"5013 - EDUCACAO SUPERIOR - GRADUACAO, POS-GRADUACAO, ENSINO, PESQUISA E EXTENSAO";"20RK - FUNCIONAMENTO DE INSTITUICOES FEDERAIS DE ENSINO SUPERIOR";"00 - Sem informação";"0000";"RO01 - REGRA DE OURO";"3 - Outras Despesas Correntes";"37 - Locação de Mão-de-Obra";"90 - Aplicações Diretas";"0,00";"0,00";"0,00";"46.992,04";
"10/2022";"26000 - Ministério da Educação";"26249 - Universidade Federal Rural do Rio de Janeiro";"153166 - UNIVERSIDADE FEDERAL RURAL DO RIO DE JANEIRO";"26000 - Ministério da Educação";"26249 - Universidade Federal Rural do Rio de Janeiro";"26249 - UNIVERSIDADE FEDERAL RURAL DO RIO DE JANEIRO";"09 - Previdência social";"272 - Previdência do regime estatutário";"0032 - PROGRAMA DE GESTAO E MANUTENCAO DO PODER EXECUTIVO";"0181 - APOSENTADORIAS E PENSOES CIVIS DA UNIAO";"00 - Sem informação";"0000";"0000 - APOSENTADORIAS E PENSOES CIVIS DA UNIAO";"1 - Pessoal e Encargos Sociais";"01 - Aposentadorias, Reserva Remunerada e Reformas";"90 - Aplicações Diretas";"0,00";"11.148.509,80";"11.129.069,00";"0,00";
"10/2022";"26000 - Ministério da Educação";"26249 - Universidade Federal Rural do Rio de Janeiro";"153166 - UNIVERSIDADE FEDERAL RURAL DO RIO DE JANEIRO";"26000 - Ministério da Educação";"26249 - Universidade Federal Rural do Rio de Janeiro";"26249 - UNIVERSIDADE FEDERAL RURAL DO RIO DE JANEIRO";"12 - Educação";"301 - Atenção básica";"0032 - PROGRAMA DE GESTAO E MANUTENCAO DO PODER EXECUTIVO";"212B - BENEFICIOS OBRIGATORIOS AOS SERVIDORES CIVIS, EMPREGADOS, MILITARES E SEUS DEPENDENTES";"00 - Sem informação";"0000";"0003 - AUXILIO-TRANSPORTE DE CIVIS ATIVOS";"3 - Outras Despesas Correntes";"49 - Auxílio-Transporte";"90 - Aplicações Diretas";"- 13.000,00";"464.337,51";"467.999,12";"0,00";
"10/2022";"26000 - Ministério da Educação";"26249 - Universidade Federal Rural do Rio de Janeiro";"153166 - UNIVERSIDADE FEDERAL RURAL DO RIO DE JANEIRO";"26000 - Ministério da Educação";"26249 - Universidade Federal Rural do Rio de Janeiro";"26249 - UNIVERSIDADE FEDERAL RURAL DO RIO DE JANEIRO";"12 - Educação";"301 - Atenção básica";"0032 - PROGRAMA DE GESTAO E MANUTENCAO DO PODER EXECUTIVO";"212B - BENEFICIOS OBRIGATORIOS AOS SERVIDORES CIVIS, EMPREGADOS, MILITARES E SEUS DEPENDENTES";"00 - Sem informação";"0000";"0005 - AUXILIO-ALIMENTACAO DE CIVIS ATIVOS";"3 - Outras Despesas Correntes";"46 - Auxílio-Alimentação";"90 - Aplicações Diretas";"- 80.000,00";"1.048.397,43";"1.053.018,98";"0,00";
"10/2022";"26000 - Ministério da Educação";"26249 - Universidade Federal Rural do Rio de Janeiro";"153166 - UNIVERSIDADE FEDERAL RURAL DO RIO DE JANEIRO";"26000 - Ministério da Educação";"26298 - Fundo Nacional de Desenvolvimento da Educação";"26298 - FUNDO NACIONAL DE DESENVOLVIMENTO DA EDUCACAO";"12 - Educação";"306 - Alimentação e nutrição";"5011 - EDUCACAO BASICA DE QUALIDADE";"00PI - APOIO AO PROGRAMA NACIONAL DE ALIMENTACAO ESCOLAR (PNAE)";"00 - Sem informação";"0000";"0000 - APOIO A ALIMENTACAO ESCOLAR NA EDUCACAO BASICA (PNAE) - DESPESAS DIVERSAS";"3 - Outras Despesas Correntes";"32 - Material, Bem ou Serviço para Distribuição Gratuita";"90 - Aplicações Diretas";"0,00";"0,00";"0,00";"267,02";
"10/2022";"26000 - Ministério da Educação";"26249 - Universidade Federal Rural do Rio de Janeiro";"153166 - UNIVERSIDADE FEDERAL RURAL DO RIO DE JANEIRO";"26000 - Ministério da Educação";"26412 - Instituto Federal de Educação, Ciência e Tecnologia do Sul de Minas Gerais";"26412 - INST.FED.DE EDUC.,CIENC.E TEC.DO SUL DE MG";"12 - Educação";"363 - Ensino profissional";"5012 - EDUCACAO PROFISSIONAL E TECNOLOGICA";"21B3 - FOMENTO AS ACOES DE ENSINO, PESQUISA, EXTENSAO, INOVACAO E SUSTENTABILIDADE NA EDUCACAO PROFISSIONAL E TECNOLOGICA";"00 - Sem informação";"0000";"0000 - FOMENTO AS ACOES DE ENSINO, PESQUISA, EXTENSAO E INOVACAO E AO DESENVOLVIMENTO DE POLITICAS, REGULACAO E SUPERVISAO DA EDUCACAO PROFISSIONAL E TECNOLOGICA";"3 - Outras Despesas Correntes";"36 - Outros Serviços de Terceiros - Pessoa Física";"90 - Aplicações Diretas";"2.498,39";"0,00";"0,00";"0,00";
"10/2022";"26000 - Ministério da Educação";"26249 - Universidade Federal Rural do Rio de Janeiro";"153166 - UNIVERSIDADE FEDERAL RURAL DO RIO DE JANEIRO";"26000 - Ministério da Educação";"26249 - Universidade Federal Rural do Rio de Janeiro";"26249 - UNIVERSIDADE FEDERAL RURAL DO RIO DE JANEIRO";"12 - Educação";"364 - Ensino superior";"5013 - EDUCACAO SUPERIOR - GRADUACAO, POS-GRADUACAO, ENSINO, PESQUISA E EXTENSAO";"20GK - FOMENTO AS ACOES DE GRADUACAO, POS-GRADUACAO, ENSINO, PESQUISA E EXTENSAO";"00 - Sem informação";"0000";"0008 - IDIOMAS SEM FRONTEIRAS";"3 - Outras Despesas Correntes";"36 - Outros Serviços de Terceiros - Pessoa Física";"90 - Aplicações Diretas";"0,00";"0,00";"2.424,53";"0,00";
"10/2022";"26000 - Ministério da Educação";"26249 - Universidade Federal Rural do Rio de Janeiro";"153166 - UNIVERSIDADE FEDERAL RURAL DO RIO DE JANEIRO";"26000 - Ministério da Educação";"26298 - Fundo Nacional de Desenvolvimento da Educação";"26298 - FUNDO NACIONAL DE DESENVOLVIMENTO DA EDUCACAO";"12 - Educação";"306 - Alimentação e nutrição";"2080 - EDUCACAO DE QUALIDADE PARA TODOS";"00PI - APOIO AO PROGRAMA NACIONAL DE ALIMENTACAO ESCOLAR (PNAE)";"00 - Sem informação";"0000";"0000 - APOIO A ALIMENTACAO ESCOLAR NA EDUCACAO BASICA (PNAE)";"3 - Outras Despesas Correntes";"32 - Material, Bem ou Serviço para Distribuição Gratuita";"90 - Aplicações Diretas";"0,00";"0,00";"0,00";"259,16";
"10/2022";"26000 - Ministério da Educação";"26249 - Universidade Federal Rural do Rio de Janeiro";"153166 - UNIVERSIDADE FEDERAL RURAL DO RIO DE JANEIRO";"26000 - Ministério da Educação";"26249 - Universidade Federal Rural do Rio de Janeiro";"26249 - UNIVERSIDADE FEDERAL RURAL DO RIO DE JANEIRO";"12 - Educação";"364 - Ensino superior";"0032 - PROGRAMA DE GESTAO E MANUTENCAO DO PODER EXECUTIVO";"20TP - ATIVOS CIVIS DA UNIAO";"00 - Sem informação";"0000";"0000 - ATIVOS CIVIS DA UNIAO";"1 - Pessoal e Encargos Sociais";"13 - Obrigações Patronais";"91 - Aplicação Direta Decorrente de Operação entre Órgãos, Fundos e Entidades Integrantes dos Orçamentos Fiscal e da Seguridade Social";"0,00";"67.444,00";"67.444,00";"0,00";
"10/2022";"26000 - Ministério da Educação";"26249 - Universidade Federal Rural do Rio de Janeiro";"153166 - UNIVERSIDADE FEDERAL RURAL DO RIO DE JANEIRO";"26000 - Ministério da Educação";"26249 - Universidade Federal Rural do Rio de Janeiro";"26249 - UNIVERSIDADE FEDERAL RURAL DO RIO DE JANEIRO";"12 - Educação";"364 - Ensino superior";"5013 - EDUCACAO SUPERIOR - GRADUACAO, POS-GRADUACAO, ENSINO, PESQUISA E EXTENSAO";"20GK - FOMENTO AS ACOES DE GRADUACAO, POS-GRADUACAO, ENSINO, PESQUISA E EXTENSAO";"00 - Sem informação";"0000";"0008 - IDIOMAS SEM FRONTEIRAS";"3 - Outras Despesas Correntes";"18 - Auxílio Financeiro a Estudantes";"90 - Aplicações Diretas";"0,00";"800,00";"800,00";"0,00";
"10/2022";"26000 - Ministério da Educação";"26249 - Universidade Federal Rural do Rio de Janeiro";"153166 - UNIVERSIDADE FEDERAL RURAL DO RIO DE JANEIRO";"26000 - Ministério da Educação";"26249 - Universidade Federal Rural do Rio de Janeiro";"26249 - UNIVERSIDADE FEDERAL RURAL DO RIO DE JANEIRO";"12 - Educação";"364 - Ensino superior";"5013 - EDUCACAO SUPERIOR - GRADUACAO, POS-GRADUACAO, ENSINO, PESQUISA E EXTENSAO";"20RK - FUNCIONAMENTO DE INSTITUICOES FEDERAIS DE ENSINO SUPERIOR";"00 - Sem informação";"0000";"0000 - FUNCIONAMENTO DE INSTITUICOES FEDERAIS DE ENSINO SUPERIOR - DESPESAS DIVERSAS";"3 - Outras Despesas Correntes";"33 - Passagens e Despesas com Locomoção";"90 - Aplicações Diretas";"0,00";"15.211,38";"15.211,38";"0,00";
"10/2022";"26000 - Ministério da Educação";"26249 - Universidade Federal Rural do Rio de Janeiro";"153166 - UNIVERSIDADE FEDERAL RURAL DO RIO DE JANEIRO";"26000 - Ministério da Educação";"26249 - Universidade Federal Rural do Rio de Janeiro";"26249 - UNIVERSIDADE FEDERAL RURAL DO RIO DE JANEIRO";"12 - Educação";"364 - Ensino superior";"5013 - EDUCACAO SUPERIOR - GRADUACAO, POS-GRADUACAO, ENSINO, PESQUISA E EXTENSAO";"4002 - ASSISTENCIA AO ESTUDANTE DE ENSINO SUPERIOR";"00 - Sem informação";"0000";"0001 - PROGRAMA INCLUIR - ACESSIBILIDADE NA EDUCACAO SUPERIOR";"3 - Outras Despesas Correntes";"18 - Auxílio Financeiro a Estudantes";"90 - Aplicações Diretas";"0,00";"5.200,00";"14.854,88";"0,00";
"10/2022";"26000 - Ministério da Educação";"26249 - Universidade Federal Rural do Rio de Janeiro";"153166 - UNIVERSIDADE FEDERAL RURAL DO RIO DE JANEIRO";"26000 - Ministério da Educação";"26249 - Universidade Federal Rural do Rio de Janeiro";"26249 - UNIVERSIDADE FEDERAL RURAL DO RIO DE JANEIRO";"12 - Educação";"364 - Ensino superior";"5013 - EDUCACAO SUPERIOR - GRADUACAO, POS-GRADUACAO, ENSINO, PESQUISA E EXTENSAO";"20GK - FOMENTO AS ACOES DE GRADUACAO, POS-GRADUACAO, ENSINO, PESQUISA E EXTENSAO";"00 - Sem informação";"0000";"0001 - CONCESSAO DE BOLSAS DE PESQUISA, EXTENSAO E MONITORIA AOS ESTUDANTES";"3 - Outras Despesas Correntes";"36 - Outros Serviços de Terceiros - Pessoa Física";"90 - Aplicações Diretas";"0,00";"25.683,33";"107.200,00";"0,00";
"10/2022";"26000 - Ministério da Educação";"26249 - Universidade Federal Rural do Rio de Janeiro";"153166 - UNIVERSIDADE FEDERAL RURAL DO RIO DE JANEIRO";"26000 - Ministério da Educação";"26249 - Universidade Federal Rural do Rio de Janeiro";"26249 - UNIVERSIDADE FEDERAL RURAL DO RIO DE JANEIRO";"12 - Educação";"364 - Ensino superior";"5013 - EDUCACAO SUPERIOR - GRADUACAO, POS-GRADUACAO, ENSINO, PESQUISA E EXTENSAO";"4002 - ASSISTENCIA AO ESTUDANTE DE ENSINO SUPERIOR";"00 - Sem informação";"0000";"0004 - PROMISAES - PORTARIA MEC N. 745/2012 - AUXILIO FINANCEIRO A ESTUDANTE ESTRANGEIRO BENEFICIARIO DO PEC-G";"3 - Outras Despesas Correntes";"18 - Auxílio Financeiro a Estudantes";"90 - Aplicações Diretas";"0,00";"0,00";"0,00";"622,00";
"10/2022";"26000 - Ministério da Educação";"26249 - Universidade Federal Rural do Rio de Janeiro";"153166 - UNIVERSIDADE FEDERAL RURAL DO RIO DE JANEIRO";"26000 - Ministério da Educação";"26249 - Universidade Federal Rural do Rio de Janeiro";"26249 - UNIVERSIDADE FEDERAL RURAL DO RIO DE JANEIRO";"12 - Educação";"364 - Ensino superior";"2080 - EDUCACAO DE QUALIDADE PARA TODOS";"20RK - FUNCIONAMENTO DE INSTITUICOES FEDERAIS DE ENSINO SUPERIOR";"00 - Sem informação";"0000";"0001 - MANUTENCAO DAS INSTITUICOES FEDERAIS DE ENSINO SUPERIOR EM EXPANSAO";"3 - Outras Despesas Correntes";"39 - Outros Serviços de Terceiros - Pessoa Jurídica";"90 - Aplicações Diretas";"0,00";"0,00";"0,00";"0,00";
"10/2022";"26000 - Ministério da Educação";"26249 - Universidade Federal Rural do Rio de Janeiro";"153166 - UNIVERSIDADE FEDERAL RURAL DO RIO DE JANEIRO";"46000 - Ministério da Gestão e da Inovação em Serviços Públicos";"20202 - Fundação Escola Nacional de Administração Pública";"25302 - FUNDACAO ESCOLA DE ADMINISTRACAO PUBLICA-ENAP";"04 - Administração";"128 - Formação de recursos humanos";"0032 - PROGRAMA DE GESTAO E MANUTENCAO DO PODER EXECUTIVO";"20U9 - DESENVOLVIMENTO DE COMPETENCIAS DE AGENTES PUBLICOS";"00 - Sem informação";"0000";"0001 - DESENVOLVIMENTO GERENCIAL DA ADMINISTRACAO PUBLICA";"3 - Outras Despesas Correntes";"36 - Outros Serviços de Terceiros - Pessoa Física";"90 - Aplicações Diretas";"300,04";"800,09";"1.000,12";"0,00";
"10/2022";"26000 - Ministério da Educação";"26249 - Universidade Federal Rural do Rio de Janeiro";"153166 - UNIVERSIDADE FEDERAL RURAL DO RIO DE JANEIRO";"26000 - Ministério da Educação";"26403 - Instituto Federal de Educação, Ciência e Tecnologia do Amazonas";"26403 - INST.FED.DE EDUC.,CIENC.E TEC.DO AMAZONAS";"12 - Educação";"128 - Formação de recursos humanos";"0032 - PROGRAMA DE GESTAO E MANUTENCAO DO PODER EXECUTIVO";"4572 - CAPACITACAO DE SERVIDORES PUBLICOS FEDERAIS EM PROCESSO DE QUALIFICACAO E REQUALIFICACAO";"00 - Sem informação";"0000";"0000 - CAPACITACAO DE SERVIDORES PUBLICOS FEDERAIS EM PROCESSO DE QUALIFICACAO E REQUALIFICACAO";"3 - Outras Despesas Correntes";"39 - Outros Serviços de Terceiros - Pessoa Jurídica";"90 - Aplicações Diretas";"0,00";"464.000,00";"464.000,00";"0,00";
"10/2022";"26000 - Ministério da Educação";"26249 - Universidade Federal Rural do Rio de Janeiro";"153166 - UNIVERSIDADE FEDERAL RURAL DO RIO DE JANEIRO";"26000 - Ministério da Educação";"26249 - Universidade Federal Rural do Rio de Janeiro";"26249 - UNIVERSIDADE FEDERAL RURAL DO RIO DE JANEIRO";"12 - Educação";"364 - Ensino superior";"5013 - EDUCACAO SUPERIOR - GRADUACAO, POS-GRADUACAO, ENSINO, PESQUISA E EXTENSAO";"20RK - FUNCIONAMENTO DE INSTITUICOES FEDERAIS DE ENSINO SUPERIOR";"00 - Sem informação";"3766 - SOSTENES CAVALCANTE";"0000 - FUNCIONAMENTO DE INSTITUICOES FEDERAIS DE ENSINO SUPERIOR - DESPESAS DIVERSAS";"3 - Outras Despesas Correntes";"39 - Outros Serviços de Terceiros - Pessoa Jurídica";"90 - Aplicações Diretas";"500.000,00";"0,00";"0,00";"0,00";
"10/2022";"26000 - Ministério da Educação";"26249 - Universidade Federal Rural do Rio de Janeiro";"153166 - UNIVERSIDADE FEDERAL RURAL DO RIO DE JANEIRO";"26000 - Ministério da Educação";"26249 - Universidade Federal Rural do Rio de Janeiro";"26249 - UNIVERSIDADE FEDERAL RURAL DO RIO DE JANEIRO";"12 - Educação";"364 - Ensino superior";"0032 - PROGRAMA DE GESTAO E MANUTENCAO DO PODER EXECUTIVO";"20TP - ATIVOS CIVIS DA UNIAO";"00 - Sem informação";"0000";"0000 - ATIVOS CIVIS DA UNIAO";"1 - Pessoal e Encargos Sociais";"07 - Contribuição a Entidades Fechadas de Previdência";"90 - Aplicações Diretas";"0,00";"111.895,39";"111.895,39";"0,00";
"10/2022";"26000 - Ministério da Educação";"26249 - Universidade Federal Rural do Rio de Janeiro";"153166 - UNIVERSIDADE FEDERAL RURAL DO RIO DE JANEIRO";"26000 - Ministério da Educação";"26249 - Universidade Federal Rural do Rio de Janeiro";"26249 - UNIVERSIDADE FEDERAL RURAL DO RIO DE JANEIRO";"12 - Educação";"364 - Ensino superior";"5013 - EDUCACAO SUPERIOR - GRADUACAO, POS-GRADUACAO, ENSINO, PESQUISA E EXTENSAO";"4002 - ASSISTENCIA AO ESTUDANTE DE ENSINO SUPERIOR";"00 - Sem informação";"0000";"0002 - PNAES - DECRETO N. 7.234/2010 - DESPESAS DIVERSAS";"3 - Outras Despesas Correntes";"18 - Auxílio Financeiro a Estudantes";"90 - Aplicações Diretas";"0,00";"0,00";"0,00";"400,00";
"10/2022";"26000 - Ministério da Educação";"26249 - Universidade Federal Rural do Rio de Janeiro";"153166 - UNIVERSIDADE FEDERAL RURAL DO RIO DE JANEIRO";"26000 - Ministério da Educação";"26249 - Universidade Federal Rural do Rio de Janeiro";"26249 - UNIVERSIDADE FEDERAL RURAL DO RIO DE JANEIRO";"12 - Educação";"846 - Outros encargos especiais";"0032 - PROGRAMA DE GESTAO E MANUTENCAO DO PODER EXECUTIVO";"09HB - CONTRIBUICAO DA UNIAO, DE SUAS AUTARQUIAS E FUNDACOES PARA O CUSTEIO DO REGIME DE PREVIDENCIA DOS SERVIDORES PUBLICOS FEDERAIS";"00 - Sem informação";"0000";"0000 - CONTRIBUICAO DA UNIAO, DE SUAS AUTARQUIAS E FUNDACOES PARA O CUSTEIO DO REGIME DE PREVIDENCIA DOS SERVIDORES PUBLICOS FEDERAIS";"1 - Pessoal e Encargos Sociais";"13 - Obrigações Patronais";"91 - Aplicação Direta Decorrente de Operação entre Órgãos, Fundos e Entidades Integrantes dos Orçamentos Fiscal e da Seguridade Social";"0,00";"5.806.149,70";"5.806.149,70";"0,00";
"10/2022";"26000 - Ministério da Educação";"26249 - Universidade Federal Rural do Rio de Janeiro";"153166 - UNIVERSIDADE FEDERAL RURAL DO RIO DE JANEIRO";"26000 - Ministério da Educação";"26249 - Universidade Federal Rural do Rio de Janeiro";"26249 - UNIVERSIDADE FEDERAL RURAL DO RIO DE JANEIRO";"12 - Educação";"364 - Ensino superior";"0032 - PROGRAMA DE GESTAO E MANUTENCAO DO PODER EXECUTIVO";"20TP - ATIVOS CIVIS DA UNIAO";"00 - Sem informação";"0000";"0000 - ATIVOS CIVIS DA UNIAO";"1 - Pessoal e Encargos Sociais";"13 - Obrigações Patronais";"90 - Aplicações Diretas";"0,00";"2.691,22";"2.691,22";"0,00";
"10/2022";"26000 - Ministério da Educação";"26249 - Universidade Federal Rural do Rio de Janeiro";"153166 - UNIVERSIDADE FEDERAL RURAL DO RIO DE JANEIRO";"26000 - Ministério da Educação";"26407 - Instituto Federal de Educação, Ciência e Tecnologia Goiano";"26407 - INST.FED.DE EDUC.,CIENC.E TEC.GOIANO";"12 - Educação";"363 - Ensino profissional";"5012 - EDUCACAO PROFISSIONAL E TECNOLOGICA";"20RL - FUNCIONAMENTO DAS INSTITUICOES DA REDE FEDERAL DE EDUCACAO PROFISSIONAL, CIENTIFICA E TECNOLOGICA";"00 - Sem informação";"0000";"0000 - FUNCIONAMENTO DAS INSTITUICOES DA REDE FEDERAL DE EDUCACAO PROFISSIONAL, CIENTIFICA E TECNOLOGICA";"3 - Outras Despesas Correntes";"48 - Outros Auxílios Financeiros a Pessoas Físicas";"90 - Aplicações Diretas";"0,00";"5.400,00";"5.400,00";"0,00";
"10/2022";"26000 - Ministério da Educação";"26249 - Universidade Federal Rural do Rio de Janeiro";"153166 - UNIVERSIDADE FEDERAL RURAL DO RIO DE JANEIRO";"26000 - Ministério da Educação";"26291 - Fundação Coordenação de Aperfeiçoamento de Pessoal de Nível Superior";"26291 - FUND.COORD.DE APERF.DE PESSOAL NIVEL SUPERIOR";"12 - Educação";"364 - Ensino superior";"2080 - EDUCACAO DE QUALIDADE PARA TODOS";"0487 - CONCESSAO DE BOLSAS DE ESTUDO NO ENSINO SUPERIOR";"00 - Sem informação";"0000";"0002 - CONCESSAO DE BOLSAS DE ESTUDOS NO PAIS";"3 - Outras Despesas Correntes";"36 - Outros Serviços de Terceiros - Pessoa Física";"90 - Aplicações Diretas";"0,00";"0,00";"0,00";"442,50";
"10/2022";"26000 - Ministério da Educação";"26249 - Universidade Federal Rural do Rio de Janeiro";"153166 - UNIVERSIDADE FEDERAL RURAL DO RIO DE JANEIRO";"26000 - Ministério da Educação";"26249 - Universidade Federal Rural do Rio de Janeiro";"26249 - UNIVERSIDADE FEDERAL RURAL DO RIO DE JANEIRO";"12 - Educação";"364 - Ensino superior";"5013 - EDUCACAO SUPERIOR - GRADUACAO, POS-GRADUACAO, ENSINO, PESQUISA E EXTENSAO";"4002 - ASSISTENCIA AO ESTUDANTE DE ENSINO SUPERIOR";"00 - Sem informação";"0000";"0000 - ASSISTENCIA AO ESTUDANTE DE ENSINO SUPERIOR - DESPESAS DIVERSAS";"3 - Outras Despesas Correntes";"30 - Material de Consumo";"90 - Aplicações Diretas";"0,00";"0,00";"0,00";"523,10";
"10/2022";"26000 - Ministério da Educação";"26249 - Universidade Federal Rural do Rio de Janeiro";"153166 - UNIVERSIDADE FEDERAL RURAL DO RIO DE JANEIRO";"55000 - Ministério do Desenvolvimento e Assistência Social, Família e Combate à Fome";"55000 - Ministério do Desenvolvimento e Assistência Social, Família e Combate à Fome - Unidades com vínculo direto";"55101 - MIN.DESENV.E ASSIT.SOCIAL,FAM.E COMBATE FOME";"27 - Desporto e lazer";"812 - Desporto comunitário";"5026 - ESPORTE";"20JP - DESENVOLVIMENTO DE ATIVIDADES E APOIO A PROGRAMAS, EVENTOS E PROJETOS DE ESPORTE AMADOR, EDUCACAO, LAZER E INCLUSAO SOCIAL";"00 - Sem informação";"8100 - RELATOR GERAL";"0000 - DESENVOLVIMENTO DE ATIVIDADES E APOIO A PROJETOS E EVENTOS DE ESPORTE, EDUCACAO, LAZER E INCLUSAO SOCIAL - DESPESAS DIVERSAS";"3 - Outras Despesas Correntes";"20 - Auxílio Financeiro a Pesquisadores";"90 - Aplicações Diretas";"0,00";"0,00";"0,00";"25.500,00";
"10/2022";"26000 - Ministério da Educação";"26249 - Universidade Federal Rural do Rio de Janeiro";"153166 - UNIVERSIDADE FEDERAL RURAL DO RIO DE JANEIRO";"26000 - Ministério da Educação";"26249 - Universidade Federal Rural do Rio de Janeiro";"26249 - UNIVERSIDADE FEDERAL RURAL DO RIO DE JANEIRO";"12 - Educação";"364 - Ensino superior";"0032 - PROGRAMA DE GESTAO E MANUTENCAO DO PODER EXECUTIVO";"20TP - ATIVOS CIVIS DA UNIAO";"00 - Sem informação";"0000";"0000 - ATIVOS CIVIS DA UNIAO";"1 - Pessoal e Encargos Sociais";"96 - Ressarcimento de Despesas de Pessoal Requisitado";"90 - Aplicações Diretas";"0,00";"100.323,42";"100.323,42";"0,00";
"10/2022";"26000 - Ministério da Educação";"26249 - Universidade Federal Rural do Rio de Janeiro";"153166 - UNIVERSIDADE FEDERAL RURAL DO RIO DE JANEIRO";"26000 - Ministério da Educação";"26249 - Universidade Federal Rural do Rio de Janeiro";"26249 - UNIVERSIDADE FEDERAL RURAL DO RIO DE JANEIRO";"12 - Educação";"364 - Ensino superior";"5013 - EDUCACAO SUPERIOR - GRADUACAO, POS-GRADUACAO, ENSINO, PESQUISA E EXTENSAO";"20GK - FOMENTO AS ACOES DE GRADUACAO, POS-GRADUACAO, ENSINO, PESQUISA E EXTENSAO";"00 - Sem informação";"0000";"0000 - FOMENTO AS ACOES DE GRADUACAO, POS-GRADUACAO, ENSINO, PESQUISA E EXTENSAO - DESPESAS DIVERSAS";"3 - Outras Despesas Correntes";"39 - Outros Serviços de Terceiros - Pessoa Jurídica";"90 - Aplicações Diretas";"0,00";"93.915,97";"0,00";"0,00";
"10/2022";"26000 - Ministério da Educação";"26249 - Universidade Federal Rural do Rio de Janeiro";"153166 - UNIVERSIDADE FEDERAL RURAL DO RIO DE JANEIRO";"26000 - Ministério da Educação";"26249 - Universidade Federal Rural do Rio de Janeiro";"26249 - UNIVERSIDADE FEDERAL RURAL DO RIO DE JANEIRO";"12 - Educação";"364 - Ensino superior";"0032 - PROGRAMA DE GESTAO E MANUTENCAO DO PODER EXECUTIVO";"20TP - ATIVOS CIVIS DA UNIAO";"00 - Sem informação";"0000";"0000 - ATIVOS CIVIS DA UNIAO";"1 - Pessoal e Encargos Sociais";"04 - Contratação por Tempo Determinado";"90 - Aplicações Diretas";"0,00";"290.094,22";"294.694,07";"0,00";
"10/2022";"26000 - Ministério da Educação";"26249 - Universidade Federal Rural do Rio de Janeiro";"153166 - UNIVERSIDADE FEDERAL RURAL DO RIO DE JANEIRO";"26000 - Ministério da Educação";"26249 - Universidade Federal Rural do Rio de Janeiro";"26249 - UNIVERSIDADE FEDERAL RURAL DO RIO DE JANEIRO";"12 - Educação";"364 - Ensino superior";"5013 - EDUCACAO SUPERIOR - GRADUACAO, POS-GRADUACAO, ENSINO, PESQUISA E EXTENSAO";"20RK - FUNCIONAMENTO DE INSTITUICOES FEDERAIS DE ENSINO SUPERIOR";"00 - Sem informação";"0000";"0000 - FUNCIONAMENTO DE INSTITUICOES FEDERAIS DE ENSINO SUPERIOR - DESPESAS DIVERSAS";"3 - Outras Despesas Correntes";"40 - Serviços de Tecnologia da Informação e Comunicação";"90 - Aplicações Diretas";"62.781,30";"28.437,16";"28.437,16";"2.726,05";
"10/2022";"26000 - Ministério da Educação";"26249 - Universidade Federal Rural do Rio de Janeiro";"153166 - UNIVERSIDADE FEDERAL RURAL DO RIO DE JANEIRO";"26000 - Ministério da Educação";"26249 - Universidade Federal Rural do Rio de Janeiro";"26249 - UNIVERSIDADE FEDERAL RURAL DO RIO DE JANEIRO";"12 - Educação";"364 - Ensino superior";"5013 - EDUCACAO SUPERIOR - GRADUACAO, POS-GRADUACAO, ENSINO, PESQUISA E EXTENSAO";"4002 - ASSISTENCIA AO ESTUDANTE DE ENSINO SUPERIOR";"00 - Sem informação";"0000";"0003 - PNAES - DECRETO N. 7.234/2010 - AUXILIO FINANCEIRO A ESTUDANTE";"3 - Outras Despesas Correntes";"18 - Auxílio Financeiro a Estudantes";"90 - Aplicações Diretas";"0,00";"669.513,33";"511.512,64";"0,00";
"10/2022";"26000 - Ministério da Educação";"26249 - Universidade Federal Rural do Rio de Janeiro";"153166 - UNIVERSIDADE FEDERAL RURAL DO RIO DE JANEIRO";"26000 - Ministério da Educação";"26291 - Fundação Coordenação de Aperfeiçoamento de Pessoal de Nível Superior";"26291 - FUND.COORD.DE APERF.DE PESSOAL NIVEL SUPERIOR";"12 - Educação";"364 - Ensino superior";"5013 - EDUCACAO SUPERIOR - GRADUACAO, POS-GRADUACAO, ENSINO, PESQUISA E EXTENSAO";"0487 - CONCESSAO DE BOLSAS DE ESTUDO NO ENSINO SUPERIOR";"00 - Sem informação";"0000";"0002 - CONCESSAO DE BOLSAS DE ESTUDO NO PAIS";"3 - Outras Despesas Correntes";"14 - Diárias - Civil";"90 - Aplicações Diretas";"0,00";"13.484,47";"13.484,47";"0,00";
"10/2022";"26000 - Ministério da Educação";"26249 - Universidade Federal Rural do Rio de Janeiro";"153166 - UNIVERSIDADE FEDERAL RURAL DO RIO DE JANEIRO";"26000 - Ministério da Educação";"26406 - Instituto Federal de Educação, Ciência e Tecnologia do Espírito Santo";"26406 - INST.FED.DE EDUC.,CIENC.E TEC.DO ESP.SANTO";"12 - Educação";"363 - Ensino profissional";"5012 - EDUCACAO PROFISSIONAL E TECNOLOGICA";"20RL - FUNCIONAMENTO DAS INSTITUICOES DA REDE FEDERAL DE EDUCACAO PROFISSIONAL, CIENTIFICA E TECNOLOGICA";"00 - Sem informação";"0000";"0000 - FUNCIONAMENTO DAS INSTITUICOES DA REDE FEDERAL DE EDUCACAO PROFISSIONAL, CIENTIFICA E TECNOLOGICA";"3 - Outras Despesas Correntes";"92 - Despesas de Exercícios Anteriores";"90 - Aplicações Diretas";"0,00";"0,00";"230,73";"0,00";
"10/2022";"26000 - Ministério da Educação";"26249 - Universidade Federal Rural do Rio de Janeiro";"153166 - UNIVERSIDADE FEDERAL RURAL DO RIO DE JANEIRO";"26000 - Ministério da Educação";"26000 - Ministério da Educação - Unidades com vínculo direto";"26101 - MINISTERIO DA EDUCACAO";"12 - Educação";"364 - Ensino superior";"5013 - EDUCACAO SUPERIOR - GRADUACAO, POS-GRADUACAO, ENSINO, PESQUISA E EXTENSAO";"00P1 - CONCESSAO DE BOLSAS DE RESIDENCIA EM SAUDE";"00 - Sem informação";"0000";"0000 - APOIO A RESIDENCIA EM SAUDE";"3 - Outras Despesas Correntes";"47 - Obrigações Tributárias e Contributivas";"91 - Aplicação Direta Decorrente de Operação entre Órgãos, Fundos e Entidades Integrantes dos Orçamentos Fiscal e da Seguridade Social";"0,00";"28.742,63";"28.742,63";"0,00";
"10/2022";"26000 - Ministério da Educação";"26249 - Universidade Federal Rural do Rio de Janeiro";"153166 - UNIVERSIDADE FEDERAL RURAL DO RIO DE JANEIRO";"26000 - Ministério da Educação";"26249 - Universidade Federal Rural do Rio de Janeiro";"26249 - UNIVERSIDADE FEDERAL RURAL DO RIO DE JANEIRO";"12 - Educação";"364 - Ensino superior";"5013 - EDUCACAO SUPERIOR - GRADUACAO, POS-GRADUACAO, ENSINO, PESQUISA E EXTENSAO";"20GK - FOMENTO AS ACOES DE GRADUACAO, POS-GRADUACAO, ENSINO, PESQUISA E EXTENSAO";"00 - Sem informação";"0000";"0001 - CONCESSAO DE BOLSAS DE PESQUISA, EXTENSAO E MONITORIA AOS ESTUDANTES";"3 - Outras Despesas Correntes";"18 - Auxílio Financeiro a Estudantes";"90 - Aplicações Diretas";"0,00";"75.758,00";"83.108,00";"0,00";
"10/2022";"26000 - Ministério da Educação";"26249 - Universidade Federal Rural do Rio de Janeiro";"153166 - UNIVERSIDADE FEDERAL RURAL DO RIO DE JANEIRO";"26000 - Ministério da Educação";"26249 - Universidade Federal Rural do Rio de Janeiro";"26249 - UNIVERSIDADE FEDERAL RURAL DO RIO DE JANEIRO";"12 - Educação";"363 - Ensino profissional";"5012 - EDUCACAO PROFISSIONAL E TECNOLOGICA";"20RL - FUNCIONAMENTO DAS INSTITUICOES DA REDE FEDERAL DE EDUCACAO PROFISSIONAL, CIENTIFICA E TECNOLOGICA";"00 - Sem informação";"0000";"0000 - FUNCIONAMENTO DAS INSTITUICOES DA REDE FEDERAL DE EDUCACAO PROFISSIONAL, CIENTIFICA E TECNOLOGICA";"3 - Outras Despesas Correntes";"39 - Outros Serviços de Terceiros - Pessoa Jurídica";"90 - Aplicações Diretas";"0,00";"0,00";"0,00";"200.384,93";
"10/2022";"26000 - Ministério da Educação";"26249 - Universidade Federal Rural do Rio de Janeiro";"153166 - UNIVERSIDADE FEDERAL RURAL DO RIO DE JANEIRO";"26000 - Ministério da Educação";"26249 - Universidade Federal Rural do Rio de Janeiro";"26249 - UNIVERSIDADE FEDERAL RURAL DO RIO DE JANEIRO";"12 - Educação";"364 - Ensino superior";"2080 - EDUCACAO DE QUALIDADE PARA TODOS";"20RK - FUNCIONAMENTO DE INSTITUICOES FEDERAIS DE ENSINO SUPERIOR";"00 - Sem informação";"3551 - CELSO JACOB";"EIND - EMENDA INDIVIDUAL";"3 - Outras Despesas Correntes";"18 - Auxílio Financeiro a Estudantes";"90 - Aplicações Diretas";"0,00";"0,00";"0,00";"25.800,00";
"10/2022";"26000 - Ministério da Educação";"26249 - Universidade Federal Rural do Rio de Janeiro";"153166 - UNIVERSIDADE FEDERAL RURAL DO RIO DE JANEIRO";"26000 - Ministério da Educação";"26249 - Universidade Federal Rural do Rio de Janeiro";"26249 - UNIVERSIDADE FEDERAL RURAL DO RIO DE JANEIRO";"12 - Educação";"301 - Atenção básica";"0032 - PROGRAMA DE GESTAO E MANUTENCAO DO PODER EXECUTIVO";"212B - BENEFICIOS OBRIGATORIOS AOS SERVIDORES CIVIS, EMPREGADOS, MILITARES E SEUS DEPENDENTES";"00 - Sem informação";"0000";"0001 - ASSISTENCIA PRE-ESCOLAR AOS DEPENDENTES DE SERVIDORES CIVIS E DE EMPREGADOS";"3 - Outras Despesas Correntes";"08 - Outros Benefícios Assistenciais do servidor e do militar";"90 - Aplicações Diretas";"0,00";"83.551,85";"82.380,20";"0,00";
"10/2022";"26000 - Ministério da Educação";"26249 - Universidade Federal Rural do Rio de Janeiro";"153166 - UNIVERSIDADE FEDERAL RURAL DO RIO DE JANEIRO";"26000 - Ministério da Educação";"26249 - Universidade Federal Rural do Rio de Janeiro";"26249 - UNIVERSIDADE FEDERAL RURAL DO RIO DE JANEIRO";"12 - Educação";"301 - Atenção básica";"0032 - PROGRAMA DE GESTAO E MANUTENCAO DO PODER EXECUTIVO";"2004 - ASSISTENCIA MEDICA E ODONTOLOGICA AOS SERVIDORES CIVIS, EMPREGADOS, MILITARES E SEUS DEPENDENTES";"00 - Sem informação";"0000";"0001 - ASSISTENCIA MEDICA E ODONTOLOGICA DE CIVIS - COMPLEMENTACAO DA UNIAO";"3 - Outras Despesas Correntes";"93 - Indenizações e Restituições";"90 - Aplicações Diretas";"- 90.000,00";"356.048,53";"391.512,44";"0,00";
"10/2022";"26000 - Ministério da Educação";"26249 - Universidade Federal Rural do Rio de Janeiro";"153166 - UNIVERSIDADE FEDERAL RURAL DO RIO DE JANEIRO";"26000 - Ministério da Educação";"26249 - Universidade Federal Rural do Rio de Janeiro";"26249 - UNIVERSIDADE FEDERAL RURAL DO RIO DE JANEIRO";"12 - Educação";"364 - Ensino superior";"5013 - EDUCACAO SUPERIOR - GRADUACAO, POS-GRADUACAO, ENSINO, PESQUISA E EXTENSAO";"20RK - FUNCIONAMENTO DE INSTITUICOES FEDERAIS DE ENSINO SUPERIOR";"00 - Sem informação";"0000";"0000 - FUNCIONAMENTO DE INSTITUICOES FEDERAIS DE ENSINO SUPERIOR - DESPESAS DIVERSAS";"3 - Outras Despesas Correntes";"36 - Outros Serviços de Terceiros - Pessoa Física";"90 - Aplicações Diretas";"45.995,25";"19.892,92";"6.055,10";"0,00";
"10/2022";"26000 - Ministério da Educação";"26249 - Universidade Federal Rural do Rio de Janeiro";"153166 - UNIVERSIDADE FEDERAL RURAL DO RIO DE JANEIRO";"26000 - Ministério da Educação";"26421 - Instituto Federal de Educação, Ciência e Tecnologia de Rondônia";"26421 - INST.FED.DE EDUC.,CIENC.E TEC.DE RONDONIA";"12 - Educação";"128 - Formação de recursos humanos";"0032 - PROGRAMA DE GESTAO E MANUTENCAO DO PODER EXECUTIVO";"4572 - CAPACITACAO DE SERVIDORES PUBLICOS FEDERAIS EM PROCESSO DE QUALIFICACAO E REQUALIFICACAO";"00 - Sem informação";"0000";"0000 - CAPACITACAO DE SERVIDORES PUBLICOS FEDERAIS EM PROCESSO DE QUALIFICACAO E REQUALIFICACAO";"3 - Outras Despesas Correntes";"39 - Outros Serviços de Terceiros - Pessoa Jurídica";"90 - Aplicações Diretas";"0,00";"114.000,00";"114.000,00";"0,00";
"10/2022";"26000 - Ministério da Educação";"26249 - Universidade Federal Rural do Rio de Janeiro";"153166 - UNIVERSIDADE FEDERAL RURAL DO RIO DE JANEIRO";"26000 - Ministério da Educação";"26249 - Universidade Federal Rural do Rio de Janeiro";"26249 - UNIVERSIDADE FEDERAL RURAL DO RIO DE JANEIRO";"12 - Educação";"364 - Ensino superior";"5013 - EDUCACAO SUPERIOR - GRADUACAO, POS-GRADUACAO, ENSINO, PESQUISA E EXTENSAO";"8282 - REESTRUTURACAO E MODERNIZACAO DAS INSTITUICOES FEDERAIS DE ENSINO SUPERIOR";"00 - Sem informação";"0000";"0000 - REESTRUTURACAO E MODERNIZACAO DAS INSTITUICOES FEDERAIS DE ENSINO SUPERIOR";"4 - Investimentos";"51 - Obras e Instalações";"90 - Aplicações Diretas";"0,00";"0,00";"0,00";"129.792,87";
"10/2022";"26000 - Ministério da Educação";"26249 - Universidade Federal Rural do Rio de Janeiro";"153166 - UNIVERSIDADE FEDERAL RURAL DO RIO DE JANEIRO";"26000 - Ministério da Educação";"26249 - Universidade Federal Rural do Rio de Janeiro";"26249 - UNIVERSIDADE FEDERAL RURAL DO RIO DE JANEIRO";"28 - Encargos especiais";"846 - Outros encargos especiais";"0910 - OPERACOES ESPECIAIS: GESTAO DA PARTICIPACAO EM ORGANISMOS E ENTIDADES NACIONAIS E INTERNACIONAIS";"00OQ - CONTRIBUICOES A ORGANISMOS INTERNACIONAIS SEM EXIGENCIA DE PROGRAMACAO ESPECIFICA";"00 - Sem informação";"0000";"0013 - CONTRIBUICAO A ASSOCIACAO UNIVERSITARIA IBEROAMERICANA DE POS-GRADUACAO (AUIP)";"3 - Outras Despesas Correntes";"41 - Contribuições";"80 - Transferências ao Exterior";"8.800,00";"0,00";"0,00";"0,00";
"10/2022";"26000 - Ministério da Educação";"26249 - Universidade Federal Rural do Rio de Janeiro";"153166 - UNIVERSIDADE FEDERAL RURAL DO RIO DE JANEIRO";"26000 - Ministério da Educação";"26291 - Fundação Coordenação de Aperfeiçoamento de Pessoal de Nível Superior";"26291 - FUND.COORD.DE APERF.DE PESSOAL NIVEL SUPERIOR";"12 - Educação";"364 - Ensino superior";"5013 - EDUCACAO SUPERIOR - GRADUACAO, POS-GRADUACAO, ENSINO, PESQUISA E EXTENSAO";"0487 - CONCESSAO DE BOLSAS DE ESTUDO NO ENSINO SUPERIOR";"00 - Sem informação";"0000";"0002 - CONCESSAO DE BOLSAS DE ESTUDO NO PAIS";"3 - Outras Despesas Correntes";"18 - Auxílio Financeiro a Estudantes";"90 - Aplicações Diretas";"0,00";"39.661,34";"25.287,00";"0,00";
"10/2022";"26000 - Ministério da Educação";"26249 - Universidade Federal Rural do Rio de Janeiro";"153166 - UNIVERSIDADE FEDERAL RURAL DO RIO DE JANEIRO";"26000 - Ministério da Educação";"26000 - Ministério da Educação - Unidades com vínculo direto";"26101 - MINISTERIO DA EDUCACAO";"12 - Educação";"364 - Ensino superior";"5013 - EDUCACAO SUPERIOR - GRADUACAO, POS-GRADUACAO, ENSINO, PESQUISA E EXTENSAO";"15R3 - APOIO A CONSOLIDACAO, REESTRUTURACAO E MODERNIZACAO DAS INSTITUICOES FEDERAIS DE ENSINO SUPERIOR";"00 - Sem informação";"0000";"0000 - APOIO A CONSOLIDACAO, REESTRUTURACAO E MODERNIZACAO DAS INSTITUICOES FEDERAIS DE ENSINO SUPERIOR - DESPESAS DIVERSAS";"4 - Investimentos";"51 - Obras e Instalações";"90 - Aplicações Diretas";"- 714.400,00";"0,00";"0,00";"22.994,64";
"10/2022";"26000 - Ministério da Educação";"26249 - Universidade Federal Rural do Rio de Janeiro";"153166 - UNIVERSIDADE FEDERAL RURAL DO RIO DE JANEIRO";"26000 - Ministério da Educação";"26249 - Universidade Federal Rural do Rio de Janeiro";"26249 - UNIVERSIDADE FEDERAL RURAL DO RIO DE JANEIRO";"12 - Educação";"363 - Ensino profissional";"5012 - EDUCACAO PROFISSIONAL E TECNOLOGICA";"20RL - FUNCIONAMENTO DAS INSTITUICOES DA REDE FEDERAL DE EDUCACAO PROFISSIONAL, CIENTIFICA E TECNOLOGICA";"00 - Sem informação";"0000";"0000 - FUNCIONAMENTO DAS INSTITUICOES DA REDE FEDERAL DE EDUCACAO PROFISSIONAL, CIENTIFICA E TECNOLOGICA";"3 - Outras Despesas Correntes";"33 - Passagens e Despesas com Locomoção";"90 - Aplicações Diretas";"0,00";"38.961,28";"0,00";"0,00";
"10/2022";"26000 - Ministério da Educação";"26249 - Universidade Federal Rural do Rio de Janeiro";"153166 - UNIVERSIDADE FEDERAL RURAL DO RIO DE JANEIRO";"26000 - Ministério da Educação";"26291 - Fundação Coordenação de Aperfeiçoamento de Pessoal de Nível Superior";"26291 - FUND.COORD.DE APERF.DE PESSOAL NIVEL SUPERIOR";"12 - Educação";"364 - Ensino superior";"5013 - EDUCACAO SUPERIOR - GRADUACAO, POS-GRADUACAO, ENSINO, PESQUISA E EXTENSAO";"0487 - CONCESSAO DE BOLSAS DE ESTUDO NO ENSINO SUPERIOR";"00 - Sem informação";"0000";"0002 - CONCESSAO DE BOLSAS DE ESTUDO NO PAIS";"3 - Outras Despesas Correntes";"93 - Indenizações e Restituições";"90 - Aplicações Diretas";"0,00";"0,00";"0,00";"12.250,05";
"10/2022";"26000 - Ministério da Educação";"26249 - Universidade Federal Rural do Rio de Janeiro";"153166 - UNIVERSIDADE FEDERAL RURAL DO RIO DE JANEIRO";"26000 - Ministério da Educação";"26249 - Universidade Federal Rural do Rio de Janeiro";"26249 - UNIVERSIDADE FEDERAL RURAL DO RIO DE JANEIRO";"12 - Educação";"128 - Formação de recursos humanos";"0032 - PROGRAMA DE GESTAO E MANUTENCAO DO PODER EXECUTIVO";"4572 - CAPACITACAO DE SERVIDORES PUBLICOS FEDERAIS EM PROCESSO DE QUALIFICACAO E REQUALIFICACAO";"00 - Sem informação";"0000";"0000 - CAPACITACAO DE SERVIDORES PUBLICOS FEDERAIS EM PROCESSO DE QUALIFICACAO E REQUALIFICACAO";"3 - Outras Despesas Correntes";"93 - Indenizações e Restituições";"90 - Aplicações Diretas";"0,00";"0,00";"0,00";"11.274,70";
"10/2022";"26000 - Ministério da Educação";"26249 - Universidade Federal Rural do Rio de Janeiro";"153166 - UNIVERSIDADE FEDERAL RURAL DO RIO DE JANEIRO";"26000 - Ministério da Educação";"26249 - Universidade Federal Rural do Rio de Janeiro";"26249 - UNIVERSIDADE FEDERAL RURAL DO RIO DE JANEIRO";"12 - Educação";"363 - Ensino profissional";"5012 - EDUCACAO PROFISSIONAL E TECNOLOGICA";"2994 - ASSISTENCIA AOS ESTUDANTES DA REDE FEDERAL DE EDUCACAO PROFISSIONAL, CIENTIFICA E TECNOLOGICA";"00 - Sem informação";"0000";"0000 - ASSISTENCIA AOS ESTUDANTES DAS INSTITUICOES FEDERAIS DE EDUCACAO PROFISSIONAL E TECNOLOGICA";"3 - Outras Despesas Correntes";"18 - Auxílio Financeiro a Estudantes";"90 - Aplicações Diretas";"0,00";"0,00";"0,00";"129.410,00";
"10/2022";"26000 - Ministério da Educação";"26249 - Universidade Federal Rural do Rio de Janeiro";"153166 - UNIVERSIDADE FEDERAL RURAL DO RIO DE JANEIRO";"26000 - Ministério da Educação";"26249 - Universidade Federal Rural do Rio de Janeiro";"26249 - UNIVERSIDADE FEDERAL RURAL DO RIO DE JANEIRO";"12 - Educação";"364 - Ensino superior";"5013 - EDUCACAO SUPERIOR - GRADUACAO, POS-GRADUACAO, ENSINO, PESQUISA E EXTENSAO";"20RK - FUNCIONAMENTO DE INSTITUICOES FEDERAIS DE ENSINO SUPERIOR";"00 - Sem informação";"0000";"0006 - APOIO AO FUNCIONAMENTO DA EDUCACAO A DISTANCIA";"3 - Outras Despesas Correntes";"37 - Locação de Mão-de-Obra";"90 - Aplicações Diretas";"0,00";"0,00";"13.593,75";"0,00";
"10/2022";"26000 - Ministério da Educação";"26249 - Universidade Federal Rural do Rio de Janeiro";"153166 - UNIVERSIDADE FEDERAL RURAL DO RIO DE JANEIRO";"22000 - Ministério da Agricultura e Pecuária";"22000 - Ministério da Agricultura e Pecuária - Unidades com vínculo direto";"22101 - MINISTERIO DA AGRICULTURA E PECUARIA";"21 - Organização agrária";"363 - Ensino profissional";"1040 - GOVERNANCA FUNDIARIA";"210T - PROMOCAO DA EDUCACAO E CULTURA DO CAMPO";"00 - Sem informação";"0000";"0005 - EDUCACAO NO CAMPO FORMACAO E CAPACITACAO";"3 - Outras Despesas Correntes";"18 - Auxílio Financeiro a Estudantes";"90 - Aplicações Diretas";"0,00";"0,00";"0,00";"10.800,00";
"10/2022";"26000 - Ministério da Educação";"26249 - Universidade Federal Rural do Rio de Janeiro";"153166 - UNIVERSIDADE FEDERAL RURAL DO RIO DE JANEIRO";"26000 - Ministério da Educação";"26249 - Universidade Federal Rural do Rio de Janeiro";"26249 - UNIVERSIDADE FEDERAL RURAL DO RIO DE JANEIRO";"09 - Previdência social";"272 - Previdência do regime estatutário";"0032 - PROGRAMA DE GESTAO E MANUTENCAO DO PODER EXECUTIVO";"0181 - APOSENTADORIAS E PENSOES CIVIS DA UNIAO";"00 - Sem informação";"0000";"0000 - APOSENTADORIAS E PENSOES CIVIS DA UNIAO";"1 - Pessoal e Encargos Sociais";"91 - Sentenças Judiciais";"90 - Aplicações Diretas";"0,00";"105.534,73";"105.534,73";"0,00";
"10/2022";"26000 - Ministério da Educação";"26249 - Universidade Federal Rural do Rio de Janeiro";"153166 - UNIVERSIDADE FEDERAL RURAL DO RIO DE JANEIRO";"22000 - Ministério da Agricultura e Pecuária";"22000 - Ministério da Agricultura e Pecuária - Unidades com vínculo direto";"22101 - MINISTERIO DA AGRICULTURA E PECUARIA";"21 - Organização agrária";"363 - Ensino profissional";"1040 - GOVERNANCA FUNDIARIA";"210T - PROMOCAO DA EDUCACAO E CULTURA DO CAMPO";"00 - Sem informação";"0000";"0005 - EDUCACAO NO CAMPO FORMACAO E CAPACITACAO";"3 - Outras Despesas Correntes";"20 - Auxílio Financeiro a Pesquisadores";"90 - Aplicações Diretas";"0,00";"0,00";"0,00";"1.800,00";
"10/2022";"26000 - Ministério da Educação";"26249 - Universidade Federal Rural do Rio de Janeiro";"153166 - UNIVERSIDADE FEDERAL RURAL DO RIO DE JANEIRO";"26000 - Ministério da Educação";"26249 - Universidade Federal Rural do Rio de Janeiro";"26249 - UNIVERSIDADE FEDERAL RURAL DO RIO DE JANEIRO";"12 - Educação";"128 - Formação de recursos humanos";"0032 - PROGRAMA DE GESTAO E MANUTENCAO DO PODER EXECUTIVO";"4572 - CAPACITACAO DE SERVIDORES PUBLICOS FEDERAIS EM PROCESSO DE QUALIFICACAO E REQUALIFICACAO";"00 - Sem informação";"0000";"0000 - CAPACITACAO DE SERVIDORES PUBLICOS FEDERAIS EM PROCESSO DE QUALIFICACAO E REQUALIFICACAO";"3 - Outras Despesas Correntes";"18 - Auxílio Financeiro a Estudantes";"90 - Aplicações Diretas";"0,00";"0,00";"0,00";"13.100,00";
"10/2022";"26000 - Ministério da Educação";"26249 - Universidade Federal Rural do Rio de Janeiro";"153166 - UNIVERSIDADE FEDERAL RURAL DO RIO DE JANEIRO";"26000 - Ministério da Educação";"26249 - Universidade Federal Rural do Rio de Janeiro";"26249 - UNIVERSIDADE FEDERAL RURAL DO RIO DE JANEIRO";"28 - Encargos especiais";"846 - Outros encargos especiais";"0910 - OPERACOES ESPECIAIS: GESTAO DA PARTICIPACAO EM ORGANISMOS E ENTIDADES NACIONAIS E INTERNACIONAIS";"00PW - CONTRIBUICOES REGULARES A ENTIDADES OU ORGANISMOS NACIONAIS SEM EXIGENCIA DE PROGRAMACAO ESPECIFICA";"00 - Sem informação";"0000";"000A - CONTRIBUICAO A ASSOCIACAO NACIONAL DOS DIRIGENTES DAS INSTITUICOES FEDERAIS DE ENSINO SUPERIOR (ANDIFES)";"3 - Outras Despesas Correntes";"41 - Contribuições";"50 - Transferências a Instituições Privadas sem Fins Lucrativos";"0,00";"0,00";"0,00";"1.526,40";
"10/2022";"26000 - Ministério da Educação";"26249 - Universidade Federal Rural do Rio de Janeiro";"153166 - UNIVERSIDADE FEDERAL RURAL DO RIO DE JANEIRO";"26000 - Ministério da Educação";"26249 - Universidade Federal Rural do Rio de Janeiro";"26249 - UNIVERSIDADE FEDERAL RURAL DO RIO DE JANEIRO";"12 - Educação";"364 - Ensino superior";"0032 - PROGRAMA DE GESTAO E MANUTENCAO DO PODER EXECUTIVO";"20TP - ATIVOS CIVIS DA UNIAO";"00 - Sem informação";"0000";"0000 - ATIVOS CIVIS DA UNIAO";"1 - Pessoal e Encargos Sociais";"92 - Despesas de Exercícios Anteriores";"90 - Aplicações Diretas";"0,00";"5.381,12";"11.092,22";"0,00";
"10/2022";"26000 - Ministério da Educação";"26249 - Universidade Federal Rural do Rio de Janeiro";"153166 - UNIVERSIDADE FEDERAL RURAL DO RIO DE JANEIRO";"26000 - Ministério da Educação";"26249 - Universidade Federal Rural do Rio de Janeiro";"26249 - UNIVERSIDADE FEDERAL RURAL DO RIO DE JANEIRO";"12 - Educação";"364 - Ensino superior";"5013 - EDUCACAO SUPERIOR - GRADUACAO, POS-GRADUACAO, ENSINO, PESQUISA E EXTENSAO";"20RK - FUNCIONAMENTO DE INSTITUICOES FEDERAIS DE ENSINO SUPERIOR";"00 - Sem informação";"0000";"0000 - FUNCIONAMENTO DE INSTITUICOES FEDERAIS DE ENSINO SUPERIOR - DESPESAS DIVERSAS";"4 - Investimentos";"52 - Equipamentos e Material Permanente";"90 - Aplicações Diretas";"0,00";"27.070,85";"27.070,85";"0,00";
"10/2022";"26000 - Ministério da Educação";"26249 - Universidade Federal Rural do Rio de Janeiro";"153166 - UNIVERSIDADE FEDERAL RURAL DO RIO DE JANEIRO";"26000 - Ministério da Educação";"26249 - Universidade Federal Rural do Rio de Janeiro";"26249 - UNIVERSIDADE FEDERAL RURAL DO RIO DE JANEIRO";"12 - Educação";"301 - Atenção básica";"0032 - PROGRAMA DE GESTAO E MANUTENCAO DO PODER EXECUTIVO";"212B - BENEFICIOS OBRIGATORIOS AOS SERVIDORES CIVIS, EMPREGADOS, MILITARES E SEUS DEPENDENTES";"00 - Sem informação";"0000";"0009 - AUXILIO-FUNERAL E NATALIDADE DE CIVIS";"3 - Outras Despesas Correntes";"08 - Outros Benefícios Assistenciais do servidor e do militar";"90 - Aplicações Diretas";"0,00";"21.633,37";"19.655,62";"0,00";
"10/2022";"26000 - Ministério da Educação";"26249 - Universidade Federal Rural do Rio de Janeiro";"153166 - UNIVERSIDADE FEDERAL RURAL DO RIO DE JANEIRO";"26000 - Ministério da Educação";"26249 - Universidade Federal Rural do Rio de Janeiro";"26249 - UNIVERSIDADE FEDERAL RURAL DO RIO DE JANEIRO";"12 - Educação";"301 - Atenção básica";"0032 - PROGRAMA DE GESTAO E MANUTENCAO DO PODER EXECUTIVO";"2004 - ASSISTENCIA MEDICA E ODONTOLOGICA AOS SERVIDORES CIVIS, EMPREGADOS, MILITARES E SEUS DEPENDENTES";"00 - Sem informação";"0000";"0001 - ASSISTENCIA MEDICA E ODONTOLOGICA DE CIVIS - COMPLEMENTACAO DA UNIAO";"3 - Outras Despesas Correntes";"96 - Ressarcimento de Despesas de Pessoal Requisitado";"90 - Aplicações Diretas";"90.000,00";"17.233,34";"17.233,34";"0,00";
"10/2022";"26000 - Ministério da Educação";"26249 - Universidade Federal Rural do Rio de Janeiro";"153166 - UNIVERSIDADE FEDERAL RURAL DO RIO DE JANEIRO";"26000 - Ministério da Educação";"26246 - Universidade Federal de Santa Catarina";"26246 - UNIVERSIDADE FEDERAL DE SANTA CATARINA";"12 - Educação";"128 - Formação de recursos humanos";"0032 - PROGRAMA DE GESTAO E MANUTENCAO DO PODER EXECUTIVO";"4572 - CAPACITACAO DE SERVIDORES PUBLICOS FEDERAIS EM PROCESSO DE QUALIFICACAO E REQUALIFICACAO";"00 - Sem informação";"0000";"0000 - CAPACITACAO DE SERVIDORES PUBLICOS FEDERAIS EM PROCESSO DE QUALIFICACAO E REQUALIFICACAO";"3 - Outras Despesas Correntes";"36 - Outros Serviços de Terceiros - Pessoa Física";"90 - Aplicações Diretas";"380,89";"0,00";"0,00";"0,00";
"10/2022";"26000 - Ministério da Educação";"26249 - Universidade Federal Rural do Rio de Janeiro";"153166 - UNIVERSIDADE FEDERAL RURAL DO RIO DE JANEIRO";"26000 - Ministério da Educação";"26249 - Universidade Federal Rural do Rio de Janeiro";"26249 - UNIVERSIDADE FEDERAL RURAL DO RIO DE JANEIRO";"12 - Educação";"364 - Ensino superior";"5013 - EDUCACAO SUPERIOR - GRADUACAO, POS-GRADUACAO, ENSINO, PESQUISA E EXTENSAO";"20RK - FUNCIONAMENTO DE INSTITUICOES FEDERAIS DE ENSINO SUPERIOR";"00 - Sem informação";"0000";"0000 - FUNCIONAMENTO DE INSTITUICOES FEDERAIS DE ENSINO SUPERIOR - DESPESAS DIVERSAS";"3 - Outras Despesas Correntes";"14 - Diárias - Civil";"90 - Aplicações Diretas";"0,00";"15.683,19";"15.683,19";"0,00";
"10/2022";"26000 - Ministério da Educação";"26249 - Universidade Federal Rural do Rio de Janeiro";"153166 - UNIVERSIDADE FEDERAL RURAL DO RIO DE JANEIRO";"26000 - Ministério da Educação";"26249 - Universidade Federal Rural do Rio de Janeiro";"26249 - UNIVERSIDADE FEDERAL RURAL DO RIO DE JANEIRO";"12 - Educação";"364 - Ensino superior";"5013 - EDUCACAO SUPERIOR - GRADUACAO, POS-GRADUACAO, ENSINO, PESQUISA E EXTENSAO";"8282 - REESTRUTURACAO E MODERNIZACAO DAS INSTITUICOES FEDERAIS DE ENSINO SUPERIOR";"00 - Sem informação";"0000";"0000 - REESTRUTURACAO E MODERNIZACAO DAS INSTITUICOES FEDERAIS DE ENSINO SUPERIOR";"4 - Investimentos";"52 - Equipamentos e Material Permanente";"90 - Aplicações Diretas";"61.200,00";"0,00";"7.700,00";"0,00";
"10/2022";"26000 - Ministério da Educação";"26249 - Universidade Federal Rural do Rio de Janeiro";"153166 - UNIVERSIDADE FEDERAL RURAL DO RIO DE JANEIRO";"26000 - Ministério da Educação";"26249 - Universidade Federal Rural do Rio de Janeiro";"26249 - UNIVERSIDADE FEDERAL RURAL DO RIO DE JANEIRO";"12 - Educação";"364 - Ensino superior";"5013 - EDUCACAO SUPERIOR - GRADUACAO, POS-GRADUACAO, ENSINO, PESQUISA E EXTENSAO";"4002 - ASSISTENCIA AO ESTUDANTE DE ENSINO SUPERIOR";"00 - Sem informação";"0000";"0002 - PNAES - DECRETO N. 7.234/2010 - DESPESAS DIVERSAS";"3 - Outras Despesas Correntes";"39 - Outros Serviços de Terceiros - Pessoa Jurídica";"90 - Aplicações Diretas";"1.000.000,00";"687.929,48";"0,00";"0,00";
"10/2022";"26000 - Ministério da Educação";"26249 - Universidade Federal Rural do Rio de Janeiro";"153166 - UNIVERSIDADE FEDERAL RURAL DO RIO DE JANEIRO";"26000 - Ministério da Educação";"26249 - Universidade Federal Rural do Rio de Janeiro";"26249 - UNIVERSIDADE FEDERAL RURAL DO RIO DE JANEIRO";"12 - Educação";"128 - Formação de recursos humanos";"0032 - PROGRAMA DE GESTAO E MANUTENCAO DO PODER EXECUTIVO";"4572 - CAPACITACAO DE SERVIDORES PUBLICOS FEDERAIS EM PROCESSO DE QUALIFICACAO E REQUALIFICACAO";"00 - Sem informação";"0000";"0000 - CAPACITACAO DE SERVIDORES PUBLICOS FEDERAIS EM PROCESSO DE QUALIFICACAO E REQUALIFICACAO";"3 - Outras Despesas Correntes";"36 - Outros Serviços de Terceiros - Pessoa Física";"90 - Aplicações Diretas";"8.505,10";"3.396,52";"12.614,02";"0,00";
"10/2022";"26000 - Ministério da Educação";"26249 - Universidade Federal Rural do Rio de Janeiro";"153166 - UNIVERSIDADE FEDERAL RURAL DO RIO DE JANEIRO";"26000 - Ministério da Educação";"26249 - Universidade Federal Rural do Rio de Janeiro";"26249 - UNIVERSIDADE FEDERAL RURAL DO RIO DE JANEIRO";"12 - Educação";"364 - Ensino superior";"5013 - EDUCACAO SUPERIOR - GRADUACAO, POS-GRADUACAO, ENSINO, PESQUISA E EXTENSAO";"20GK - FOMENTO AS ACOES DE GRADUACAO, POS-GRADUACAO, ENSINO, PESQUISA E EXTENSAO";"00 - Sem informação";"3941 - CHIQUINHO BRAZAO";"0000 - FOMENTO AS ACOES DE GRADUACAO, POS-GRADUACAO, ENSINO, PESQUISA E EXTENSAO - DESPESAS DIVERSAS";"3 - Outras Despesas Correntes";"39 - Outros Serviços de Terceiros - Pessoa Jurídica";"90 - Aplicações Diretas";"- 500.000,00";"0,00";"0,00";"0,00";
"10/2022";"26000 - Ministério da Educação";"26249 - Universidade Federal Rural do Rio de Janeiro";"153166 - UNIVERSIDADE FEDERAL RURAL DO RIO DE JANEIRO";"26000 - Ministério da Educação";"26249 - Universidade Federal Rural do Rio de Janeiro";"26249 - UNIVERSIDADE FEDERAL RURAL DO RIO DE JANEIRO";"12 - Educação";"364 - Ensino superior";"5013 - EDUCACAO SUPERIOR - GRADUACAO, POS-GRADUACAO, ENSINO, PESQUISA E EXTENSAO";"4002 - ASSISTENCIA AO ESTUDANTE DE ENSINO SUPERIOR";"00 - Sem informação";"0000";"0002 - PNAES - DECRETO N. 7.234/2010 - DESPESAS DIVERSAS";"3 - Outras Despesas Correntes";"30 - Material de Consumo";"90 - Aplicações Diretas";"12.962,10";"39.271,08";"18.816,00";"0,00";
"10/2022";"26000 - Ministério da Educação";"26249 - Universidade Federal Rural do Rio de Janeiro";"153166 - UNIVERSIDADE FEDERAL RURAL DO RIO DE JANEIRO";"26000 - Ministério da Educação";"26249 - Universidade Federal Rural do Rio de Janeiro";"26249 - UNIVERSIDADE FEDERAL RURAL DO RIO DE JANEIRO";"12 - Educação";"364 - Ensino superior";"5013 - EDUCACAO SUPERIOR - GRADUACAO, POS-GRADUACAO, ENSINO, PESQUISA E EXTENSAO";"20RK - FUNCIONAMENTO DE INSTITUICOES FEDERAIS DE ENSINO SUPERIOR";"00 - Sem informação";"0000";"0000 - FUNCIONAMENTO DE INSTITUICOES FEDERAIS DE ENSINO SUPERIOR - DESPESAS DIVERSAS";"3 - Outras Despesas Correntes";"92 - Despesas de Exercícios Anteriores";"90 - Aplicações Diretas";"0,00";"0,00";"197.283,98";"0,00";
"10/2022";"26000 - Ministério da Educação";"26249 - Universidade Federal Rural do Rio de Janeiro";"153166 - UNIVERSIDADE FEDERAL RURAL DO RIO DE JANEIRO";"26000 - Ministério da Educação";"26249 - Universidade Federal Rural do Rio de Janeiro";"26249 - UNIVERSIDADE FEDERAL RURAL DO RIO DE JANEIRO";"12 - Educação";"364 - Ensino superior";"5013 - EDUCACAO SUPERIOR - GRADUACAO, POS-GRADUACAO, ENSINO, PESQUISA E EXTENSAO";"20GK - FOMENTO AS ACOES DE GRADUACAO, POS-GRADUACAO, ENSINO, PESQUISA E EXTENSAO";"00 - Sem informação";"0000";"0000 - FOMENTO AS ACOES DE GRADUACAO, POS-GRADUACAO, ENSINO, PESQUISA E EXTENSAO - DESPESAS DIVERSAS";"3 - Outras Despesas Correntes";"30 - Material de Consumo";"90 - Aplicações Diretas";"0,00";"293.844,91";"29.262,36";"0,00";
"10/2022";"26000 - Ministério da Educação";"26249 - Universidade Federal Rural do Rio de Janeiro";"153166 - UNIVERSIDADE FEDERAL RURAL DO RIO DE JANEIRO";"26000 - Ministério da Educação";"26249 - Universidade Federal Rural do Rio de Janeiro";"26249 - UNIVERSIDADE FEDERAL RURAL DO RIO DE JANEIRO";"12 - Educação";"364 - Ensino superior";"5013 - EDUCACAO SUPERIOR - GRADUACAO, POS-GRADUACAO, ENSINO, PESQUISA E EXTENSAO";"20RK - FUNCIONAMENTO DE INSTITUICOES FEDERAIS DE ENSINO SUPERIOR";"00 - Sem informação";"0000";"0000 - FUNCIONAMENTO DE INSTITUICOES FEDERAIS DE ENSINO SUPERIOR - DESPESAS DIVERSAS";"3 - Outras Despesas Correntes";"39 - Outros Serviços de Terceiros - Pessoa Jurídica";"90 - Aplicações Diretas";"497,82";"64.061,16";"481.784,84";"1.423,51";
"10/2022";"26000 - Ministério da Educação";"26249 - Universidade Federal Rural do Rio de Janeiro";"153166 - UNIVERSIDADE FEDERAL RURAL DO RIO DE JANEIRO";"26000 - Ministério da Educação";"26249 - Universidade Federal Rural do Rio de Janeiro";"26249 - UNIVERSIDADE FEDERAL RURAL DO RIO DE JANEIRO";"12 - Educação";"363 - Ensino profissional";"5012 - EDUCACAO PROFISSIONAL E TECNOLOGICA";"20RL - FUNCIONAMENTO DAS INSTITUICOES DA REDE FEDERAL DE EDUCACAO PROFISSIONAL, CIENTIFICA E TECNOLOGICA";"00 - Sem informação";"0000";"0000 - FUNCIONAMENTO DAS INSTITUICOES DA REDE FEDERAL DE EDUCACAO PROFISSIONAL, CIENTIFICA E TECNOLOGICA";"4 - Investimentos";"52 - Equipamentos e Material Permanente";"90 - Aplicações Diretas";"27.598,39";"643,00";"0,00";"0,00";
"10/2022";"26000 - Ministério da Educação";"26249 - Universidade Federal Rural do Rio de Janeiro";"153166 - UNIVERSIDADE FEDERAL RURAL DO RIO DE JANEIRO";"26000 - Ministério da Educação";"26249 - Universidade Federal Rural do Rio de Janeiro";"26249 - UNIVERSIDADE FEDERAL RURAL DO RIO DE JANEIRO";"12 - Educação";"364 - Ensino superior";"0032 - PROGRAMA DE GESTAO E MANUTENCAO DO PODER EXECUTIVO";"20TP - ATIVOS CIVIS DA UNIAO";"00 - Sem informação";"0000";"0000 - ATIVOS CIVIS DA UNIAO";"1 - Pessoal e Encargos Sociais";"91 - Sentenças Judiciais";"90 - Aplicações Diretas";"0,00";"18.410,06";"18.410,06";"0,00";
"10/2022";"26000 - Ministério da Educação";"26249 - Universidade Federal Rural do Rio de Janeiro";"153166 - UNIVERSIDADE FEDERAL RURAL DO RIO DE JANEIRO";"26000 - Ministério da Educação";"26249 - Universidade Federal Rural do Rio de Janeiro";"26249 - UNIVERSIDADE FEDERAL RURAL DO RIO DE JANEIRO";"12 - Educação";"364 - Ensino superior";"0032 - PROGRAMA DE GESTAO E MANUTENCAO DO PODER EXECUTIVO";"20TP - ATIVOS CIVIS DA UNIAO";"00 - Sem informação";"0000";"0000 - ATIVOS CIVIS DA UNIAO";"1 - Pessoal e Encargos Sociais";"11 - Vencimentos e Vantagens Fixas - Pessoal Civil";"90 - Aplicações Diretas";"0,00";"25.896.693,70";"26.043.193,01";"0,00";
"10/2022";"26000 - Ministério da Educação";"26249 - Universidade Federal Rural do Rio de Janeiro";"153166 - UNIVERSIDADE FEDERAL RURAL DO RIO DE JANEIRO";"26000 - Ministério da Educação";"26249 - Universidade Federal Rural do Rio de Janeiro";"26249 - UNIVERSIDADE FEDERAL RURAL DO RIO DE JANEIRO";"12 - Educação";"364 - Ensino superior";"5013 - EDUCACAO SUPERIOR - GRADUACAO, POS-GRADUACAO, ENSINO, PESQUISA E EXTENSAO";"20RK - FUNCIONAMENTO DE INSTITUICOES FEDERAIS DE ENSINO SUPERIOR";"00 - Sem informação";"0000";"0000 - FUNCIONAMENTO DE INSTITUICOES FEDERAIS DE ENSINO SUPERIOR - DESPESAS DIVERSAS";"3 - Outras Despesas Correntes";"37 - Locação de Mão-de-Obra";"90 - Aplicações Diretas";"44.000,00";"966.440,97";"2.213.041,86";"58.740,05";
"10/2022";"26000 - Ministério da Educação";"26249 - Universidade Federal Rural do Rio de Janeiro";"153166 - UNIVERSIDADE FEDERAL RURAL DO RIO DE JANEIRO";"26000 - Ministério da Educação";"26249 - Universidade Federal Rural do Rio de Janeiro";"26249 - UNIVERSIDADE FEDERAL RURAL DO RIO DE JANEIRO";"12 - Educação";"301 - Atenção básica";"0032 - PROGRAMA DE GESTAO E MANUTENCAO DO PODER EXECUTIVO";"212B - BENEFICIOS OBRIGATORIOS AOS SERVIDORES CIVIS, EMPREGADOS, MILITARES E SEUS DEPENDENTES";"00 - Sem informação";"0000";"0005 - AUXILIO-ALIMENTACAO DE CIVIS ATIVOS";"3 - Outras Despesas Correntes";"96 - Ressarcimento de Despesas de Pessoal Requisitado";"90 - Aplicações Diretas";"80.000,00";"15.687,60";"15.687,60";"0,00";
"10/2022";"26000 - Ministério da Educação";"26249 - Universidade Federal Rural do Rio de Janeiro";"153166 - UNIVERSIDADE FEDERAL RURAL DO RIO DE JANEIRO";"26000 - Ministério da Educação";"26249 - Universidade Federal Rural do Rio de Janeiro";"26249 - UNIVERSIDADE FEDERAL RURAL DO RIO DE JANEIRO";"12 - Educação";"363 - Ensino profissional";"5012 - EDUCACAO PROFISSIONAL E TECNOLOGICA";"20RL - FUNCIONAMENTO DAS INSTITUICOES DA REDE FEDERAL DE EDUCACAO PROFISSIONAL, CIENTIFICA E TECNOLOGICA";"00 - Sem informação";"0000";"0000 - FUNCIONAMENTO DAS INSTITUICOES DA REDE FEDERAL DE EDUCACAO PROFISSIONAL, CIENTIFICA E TECNOLOGICA";"3 - Outras Despesas Correntes";"36 - Outros Serviços de Terceiros - Pessoa Física";"90 - Aplicações Diretas";"0,00";"5.600,00";"5.111,17";"6.000,00";
"10/2022";"26000 - Ministério da Educação";"26249 - Universidade Federal Rural do Rio de Janeiro";"153166 - UNIVERSIDADE FEDERAL RURAL DO RIO DE JANEIRO";"26000 - Ministério da Educação";"26249 - Universidade Federal Rural do Rio de Janeiro";"26249 - UNIVERSIDADE FEDERAL RURAL DO RIO DE JANEIRO";"12 - Educação";"364 - Ensino superior";"5013 - EDUCACAO SUPERIOR - GRADUACAO, POS-GRADUACAO, ENSINO, PESQUISA E EXTENSAO";"20GK - FOMENTO AS ACOES DE GRADUACAO, POS-GRADUACAO, ENSINO, PESQUISA E EXTENSAO";"00 - Sem informação";"3756 - ROSANGELA GOMES";"0000 - FOMENTO AS ACOES DE GRADUACAO, POS-GRADUACAO, ENSINO, PESQUISA E EXTENSAO - DESPESAS DIVERSAS";"3 - Outras Despesas Correntes";"18 - Auxílio Financeiro a Estudantes";"90 - Aplicações Diretas";"0,00";"0,00";"5.000,00";"11.784,00";
"10/2022";"26000 - Ministério da Educação";"26249 - Universidade Federal Rural do Rio de Janeiro";"153166 - UNIVERSIDADE FEDERAL RURAL DO RIO DE JANEIRO";"26000 - Ministério da Educação";"26249 - Universidade Federal Rural do Rio de Janeiro";"26249 - UNIVERSIDADE FEDERAL RURAL DO RIO DE JANEIRO";"12 - Educação";"364 - Ensino superior";"0032 - PROGRAMA DE GESTAO E MANUTENCAO DO PODER EXECUTIVO";"20TP - ATIVOS CIVIS DA UNIAO";"00 - Sem informação";"0000";"0000 - ATIVOS CIVIS DA UNIAO";"1 - Pessoal e Encargos Sociais";"16 - Outras Despesas Variáveis - Pessoal Civil";"90 - Aplicações Diretas";"0,00";"23.499,10";"17.742,82";"0,00";
"10/2022";"26000 - Ministério da Educação";"26249 - Universidade Federal Rural do Rio de Janeiro";"153166 - UNIVERSIDADE FEDERAL RURAL DO RIO DE JANEIRO";"26000 - Ministério da Educação";"26249 - Universidade Federal Rural do Rio de Janeiro";"26249 - UNIVERSIDADE FEDERAL RURAL DO RIO DE JANEIRO";"09 - Previdência social";"272 - Previdência do regime estatutário";"0032 - PROGRAMA DE GESTAO E MANUTENCAO DO PODER EXECUTIVO";"0181 - APOSENTADORIAS E PENSOES CIVIS DA UNIAO";"00 - Sem informação";"0000";"0000 - APOSENTADORIAS E PENSOES CIVIS DA UNIAO";"1 - Pessoal e Encargos Sociais";"03 - Pensões";"90 - Aplicações Diretas";"0,00";"4.037.720,38";"4.036.811,51";"0,00";
"10/2022";"26000 - Ministério da Educação";"26249 - Universidade Federal Rural do Rio de Janeiro";"153166 - UNIVERSIDADE FEDERAL RURAL DO RIO DE JANEIRO";"26000 - Ministério da Educação";"26249 - Universidade Federal Rural do Rio de Janeiro";"26249 - UNIVERSIDADE FEDERAL RURAL DO RIO DE JANEIRO";"12 - Educação";"364 - Ensino superior";"5013 - EDUCACAO SUPERIOR - GRADUACAO, POS-GRADUACAO, ENSINO, PESQUISA E EXTENSAO";"20RK - FUNCIONAMENTO DE INSTITUICOES FEDERAIS DE ENSINO SUPERIOR";"00 - Sem informação";"0000";"0000 - FUNCIONAMENTO DE INSTITUICOES FEDERAIS DE ENSINO SUPERIOR - DESPESAS DIVERSAS";"3 - Outras Despesas Correntes";"93 - Indenizações e Restituições";"90 - Aplicações Diretas";"53.794,87";"69.211,35";"68.941,00";"134,85";
"10/2022";"26000 - Ministério da Educação";"26249 - Universidade Federal Rural do Rio de Janeiro";"153166 - UNIVERSIDADE FEDERAL RURAL DO RIO DE JANEIRO";"26000 - Ministério da Educação";"26249 - Universidade Federal Rural do Rio de Janeiro";"26249 - UNIVERSIDADE FEDERAL RURAL DO RIO DE JANEIRO";"12 - Educação";"364 - Ensino superior";"5013 - EDUCACAO SUPERIOR - GRADUACAO, POS-GRADUACAO, ENSINO, PESQUISA E EXTENSAO";"20RK - FUNCIONAMENTO DE INSTITUICOES FEDERAIS DE ENSINO SUPERIOR";"00 - Sem informação";"0000";"0002 - FUNCIONAMENTO DOS HOSPITAIS VETERINARIOS";"3 - Outras Despesas Correntes";"30 - Material de Consumo";"90 - Aplicações Diretas";"0,00";"1.567,36";"1.507,70";"0,00";
"10/2022";"26000 - Ministério da Educação";"26249 - Universidade Federal Rural do Rio de Janeiro";"153166 - UNIVERSIDADE FEDERAL RURAL DO RIO DE JANEIRO";"26000 - Ministério da Educação";"26249 - Universidade Federal Rural do Rio de Janeiro";"26249 - UNIVERSIDADE FEDERAL RURAL DO RIO DE JANEIRO";"12 - Educação";"364 - Ensino superior";"5013 - EDUCACAO SUPERIOR - GRADUACAO, POS-GRADUACAO, ENSINO, PESQUISA E EXTENSAO";"20RK - FUNCIONAMENTO DE INSTITUICOES FEDERAIS DE ENSINO SUPERIOR";"00 - Sem informação";"0000";"0000 - FUNCIONAMENTO DE INSTITUICOES FEDERAIS DE ENSINO SUPERIOR - DESPESAS DIVERSAS";"3 - Outras Despesas Correntes";"30 - Material de Consumo";"90 - Aplicações Diretas";"14.531,00";"57.289,54";"30.445,80";"16.983,96";
"10/2022";"26000 - Ministério da Educação";"26249 - Universidade Federal Rural do Rio de Janeiro";"153166 - UNIVERSIDADE FEDERAL RURAL DO RIO DE JANEIRO";"26000 - Ministério da Educação";"26249 - Universidade Federal Rural do Rio de Janeiro";"26249 - UNIVERSIDADE FEDERAL RURAL DO RIO DE JANEIRO";"12 - Educação";"301 - Atenção básica";"0032 - PROGRAMA DE GESTAO E MANUTENCAO DO PODER EXECUTIVO";"212B - BENEFICIOS OBRIGATORIOS AOS SERVIDORES CIVIS, EMPREGADOS, MILITARES E SEUS DEPENDENTES";"00 - Sem informação";"0000";"0003 - AUXILIO-TRANSPORTE DE CIVIS ATIVOS";"3 - Outras Despesas Correntes";"96 - Ressarcimento de Despesas de Pessoal Requisitado";"90 - Aplicações Diretas";"13.000,00";"2.197,53";"2.197,53";"0,00";
"10/2022";"26000 - Ministério da Educação";"26249 - Universidade Federal Rural do Rio de Janeiro";"153166 - UNIVERSIDADE FEDERAL RURAL DO RIO DE JANEIRO";"26000 - Ministério da Educação";"26249 - Universidade Federal Rural do Rio de Janeiro";"26249 - UNIVERSIDADE FEDERAL RURAL DO RIO DE JANEIRO";"12 - Educação";"128 - Formação de recursos humanos";"0032 - PROGRAMA DE GESTAO E MANUTENCAO DO PODER EXECUTIVO";"4572 - CAPACITACAO DE SERVIDORES PUBLICOS FEDERAIS EM PROCESSO DE QUALIFICACAO E REQUALIFICACAO";"00 - Sem informação";"0000";"0000 - CAPACITACAO DE SERVIDORES PUBLICOS FEDERAIS EM PROCESSO DE QUALIFICACAO E REQUALIFICACAO";"3 - Outras Despesas Correntes";"39 - Outros Serviços de Terceiros - Pessoa Jurídica";"90 - Aplicações Diretas";"6.881,69";"0,00";"0,00";"0,00";
"10/2022";"26000 - Ministério da Educação";"26249 - Universidade Federal Rural do Rio de Janeiro";"153166 - UNIVERSIDADE FEDERAL RURAL DO RIO DE JANEIRO";"26000 - Ministério da Educação";"26000 - Ministério da Educação - Unidades com vínculo direto";"26101 - MINISTERIO DA EDUCACAO";"12 - Educação";"364 - Ensino superior";"5013 - EDUCACAO SUPERIOR - GRADUACAO, POS-GRADUACAO, ENSINO, PESQUISA E EXTENSAO";"00P1 - CONCESSAO DE BOLSAS DE RESIDENCIA EM SAUDE";"00 - Sem informação";"0000";"0000 - APOIO A RESIDENCIA EM SAUDE";"3 - Outras Despesas Correntes";"48 - Outros Auxílios Financeiros a Pessoas Físicas";"90 - Aplicações Diretas";"0,00";"143.713,15";"127.904,70";"0,00";
"10/2022";"26000 - Ministério da Educação";"26249 - Universidade Federal Rural do Rio de Janeiro";"153166 - UNIVERSIDADE FEDERAL RURAL DO RIO DE JANEIRO";"26000 - Ministério da Educação";"26249 - Universidade Federal Rural do Rio de Janeiro";"26249 - UNIVERSIDADE FEDERAL RURAL DO RIO DE JANEIRO";"12 - Educação";"363 - Ensino profissional";"5012 - EDUCACAO PROFISSIONAL E TECNOLOGICA";"20RL - FUNCIONAMENTO DAS INSTITUICOES DA REDE FEDERAL DE EDUCACAO PROFISSIONAL, CIENTIFICA E TECNOLOGICA";"00 - Sem informação";"0000";"0000 - FUNCIONAMENTO DAS INSTITUICOES DA REDE FEDERAL DE EDUCACAO PROFISSIONAL, CIENTIFICA E TECNOLOGICA";"3 - Outras Despesas Correntes";"30 - Material de Consumo";"90 - Aplicações Diretas";"0,00";"94.850,05";"84.665,77";"0,00";
